,chrom,pos,ref,alt,trait,label,llr,phastcon
0,1,2293397,G,A,Height,TRUE,0.000242114,0
1,1,3080038,T,C,"MCH,MCV,Plt,RBC",TRUE,-0.000183642,0
2,1,3774964,A,G,"Hb,HbA1c,MCHC,RBC",TRUE,-7.03E-06,0
3,1,9181780,G,A,"AST,Mono",TRUE,0.000417709,0.005
4,1,9295877,G,T,DVT,TRUE,1.7523766e-05,0.32499998807907104
5,1,10211630,C,G,Plt,TRUE,-0.000672281,0.8949999809265137
6,1,10630891,C,T,eGFR,TRUE,-0.000132263,0.001
7,1,10692299,T,C,eGFRcys,TRUE,-0.000598729,0.003
8,1,11848089,C,G,"MAP,SBP",TRUE,-0.004427105,0.050000001
9,1,12039288,A,G,Eosino,TRUE,-0.000608087,0
10,1,12186118,C,T,Eosino,TRUE,-0.000637531,0.001
11,1,12601409,G,C,RBC,TRUE,7.045269e-05,0
12,1,16178825,A,G,GGT,TRUE,4.0113926e-05,0.5400000214576721
13,1,21493549,A,G,Ca,TRUE,-0.000726163,0.002
14,1,23383982,C,T,HDLC,TRUE,0.000383466,0.42399999499320984
15,1,24914625,A,G,FEV1FVC,TRUE,0.000563979,0.8709999918937683
16,1,24965206,C,T,"AG,Alb,Balding_Type4",TRUE,-0.002546042,0.6150000095367432
17,1,25351114,G,A,HbA1c,TRUE,-0.000106782,0.19900000095367432
18,1,26695422,G,C,"ALT,SHBG,TG,UA",TRUE,-0.001966894,0.9980000257492065
19,1,26853597,A,C,ALP,TRUE,-0.000453711,0.010999999940395355
20,1,29159616,C,T,Ht,TRUE,-0.001133025,0.6710000038146973
21,1,33448732,T,G,Urea,TRUE,0.001066655,0.11500000208616257
22,1,36478315,C,G,"Baso,WBC",TRUE,0.001103282,0.037999999
23,1,39570256,G,T,CRP,TRUE,-0.001163364,1
24,1,42970380,G,A,Ca,TRUE,0.000790954,0.007
25,1,44031577,T,C,"MCH,MCV",TRUE,-0.000137806,0.022
26,1,55053079,C,T,ApoB,TRUE,0.000560731,0
27,1,55053501,G,A,ApoB,TRUE,0.000465572,0
28,1,55232461,C,T,"ApoB,LDLC",TRUE,-0.000155032,0.020999999716877937
29,1,63261871,T,C,Height,TRUE,-0.000495344,0.9990000128746033
30,1,64838205,T,C,Eosino,TRUE,-0.000282407,0.004
31,1,64848529,C,A,Eosino,TRUE,-0.000578702,0
32,1,65516705,G,A,Age_at_Menarche,TRUE,0.000594676,0.012000000104308128
33,1,65604098,A,G,CRP,TRUE,-0.000526905,0
34,1,67622756,A,G,CRP,TRUE,0.000695676,0.017999999225139618
35,1,68199340,T,C,eBMD,TRUE,-0.000692248,0.009
36,1,77984833,C,A,"ALP,BW,Height",TRUE,0.000208259,0.44999998807907104
37,1,87761437,T,G,PrC,TRUE,-6.65E-05,0.004
38,1,88175380,A,G,"Hb,Ht",TRUE,-0.000394166,0.7850000262260437
39,1,92460097,G,C,Mono,TRUE,0.000245094,0.3319999873638153
40,1,92515679,T,G,Mono,TRUE,-0.000513852,0.9259999990463257
41,1,94218581,T,A,AG,TRUE,-0.000247836,1
42,1,99752632,C,T,Height,TRUE,-0.000564128,0
43,1,100353172,T,G,eGFR,TRUE,-0.001382828,0.9950000047683716
44,1,101193787,T,C,GGT,TRUE,-2.15E-05,0
45,1,101236803,T,C,Lym,TRUE,-0.002137423,0.001
46,1,101267901,C,T,"Lym,WBC",TRUE,-8.08E-05,0.11400000005960464
47,1,109274968,G,T,"ApoB,LDLC",TRUE,-0.000630736,0.001
48,1,109928142,G,A,"AST,Alb,Lym,Mono,Plt,TP,WBC,eGFRcys",TRUE,-0.000249386,0.9990000128746033
49,1,111197723,C,G,"HbA1c,Plt",TRUE,3.2126904e-05,0.002
50,1,117001709,A,C,"Neutro,WBC",TRUE,-0.001724273,0.8960000276565552
51,1,117596431,C,G,HbA1c,TRUE,0.000256062,0
52,1,117708521,C,T,"HbA1c,MCHC",TRUE,7.6532364e-05,0.002
53,1,119648421,A,T,Height,TRUE,-0.000293612,0.001
54,1,145898358,T,A,"ApoA,HDLC,UA",TRUE,-0.001735151,0.007
55,1,147873099,T,C,"HDLC,UA",TRUE,-0.000650108,0.14499999582767487
56,1,148986596,T,C,Height,TRUE,-7.80E-05,0.002
57,1,151829204,G,A,DVT,TRUE,-0.00037539,0
58,1,152206676,C,T,VitD,TRUE,-0.000194609,0.027000000700354576
59,1,153658595,G,A,TP,TRUE,-0.000185758,0
60,1,154408627,A,G,"ALP,CRP",TRUE,-0.000654221,0
61,1,156080086,C,T,"BMI,BW",TRUE,0.000215322,0.007
62,1,158643524,G,A,HbA1c,TRUE,-0.000135839,0.018999999
63,1,159204287,G,A,Neutro,TRUE,0.000740111,0
64,1,159204893,T,C,"Neutro,WBC",TRUE,-0.006593406,0.9279999732971191
65,1,159724989,T,C,CRP,TRUE,0.000407875,0.004
66,1,159752304,A,G,CRP,TRUE,-0.000207961,0.531000018
67,1,161219103,T,G,Plt,TRUE,-0.001251936,0.090000004
68,1,161738404,T,G,ALP,TRUE,2.8669834e-05,0.044
69,1,164589690,G,A,Lym,TRUE,-6.78E-05,0.9980000257492065
70,1,167631605,C,T,"Neutro,WBC",TRUE,-0.000363886,0.041999999433755875
71,1,170224684,G,C,AFib,TRUE,-0.000425935,0.10499999672174454
72,1,170740452,T,G,BFP,TRUE,-0.001404911,0.093000002
73,1,171509567,T,A,eGFR,TRUE,0.000227332,0.001
74,1,172746562,A,G,AG,TRUE,-0.000129402,1
75,1,176552519,G,A,Height,TRUE,5.4359436e-05,0.8930000066757202
76,1,180004873,G,T,RBC,TRUE,5.8352947e-05,0.030999999
77,1,186613530,A,C,eGFRcys,TRUE,0.000606865,0.008
78,1,197955640,G,A,SHBG,TRUE,0.000184834,0.089000002
79,1,198710886,G,A,eGFRcys,TRUE,-0.000223696,0.009
80,1,199041592,C,T,"MCH,MCV,RBC",TRUE,0.000487983,0.996999979
81,1,202010327,G,A,eGFR,TRUE,-0.000757009,0.13300000131130219
82,1,203312047,G,C,"MCH,MCV,RBC",TRUE,0.000144064,0.9169999957084656
83,1,203332667,C,T,MCHC,TRUE,0.000192851,0.13199999928474426
84,1,204198339,T,C,SHBG,TRUE,-0.000438809,0.8460000157356262
85,1,205447536,C,A,Urea,TRUE,-0.000305235,0.002
86,1,207872086,C,A,Lym,TRUE,-0.001701474,0.002
87,1,213793544,T,C,"Hb,Ht",TRUE,-0.000345349,0.9829999804496765
88,1,213956332,G,C,"ALP,SHBG",TRUE,0.000803649,0
89,1,220828385,A,C,IGF1,TRUE,-0.000570595,0.003
90,1,225373644,T,C,"BMI,BW",TRUE,-0.000295401,0.010999999940395355
91,1,225774988,C,T,"HbA1c,Plt",TRUE,0.000788152,0.090999998
92,1,229537208,G,A,"Glucose,HbA1c",TRUE,-0.000248104,0.002
93,1,230181406,A,C,TG,TRUE,-0.000636041,0.075000003
94,1,234960804,A,T,GGT,TRUE,0.000331402,0.9399999976158142
95,1,234977261,G,A,Mono,TRUE,0.00041157,0
96,1,239941553,G,A,AFib,TRUE,-0.000590444,0.035
97,1,240423395,C,T,eBMD,TRUE,-1.00E-04,0.9980000257492065
98,1,247549001,T,C,Plt,TRUE,-0.000176728,0
99,1,248897507,G,A,"AG,Lym,Mono,Plt",TRUE,0.001680911,0.15800000727176666
100,2,8298563,C,T,Eosino,TRUE,0.000358701,0.009
101,2,8303729,C,G,AG,TRUE,-0.000196934,0.001
102,2,8305030,A,T,Mono,TRUE,4.851818e-05,0.001
103,2,8422899,T,A,"HbA1c,Lym,Mono,WBC",TRUE,-0.00023824,0.012000000104308128
104,2,10370022,G,A,Ca,TRUE,3.9935112e-05,0.014000000432133675
105,2,11989203,T,C,Height,TRUE,-0.000595689,0.11400000005960464
106,2,19742712,G,A,CAD,TRUE,-0.000410557,1
107,2,20679060,T,C,"PP,SBP",TRUE,-0.002279401,0.984000027
108,2,25265950,T,A,Lym,TRUE,-0.000456691,0.210999995
109,2,31253905,G,C,Mono,TRUE,-1.94E-05,0.11299999803304672
110,2,31254972,G,A,Plt,TRUE,-0.00032419,0.006
111,2,36355997,G,A,Height,TRUE,-0.001824975,0.718999982
112,2,37768279,A,T,Height,TRUE,-0.000311136,0.9520000219345093
113,2,40055062,G,A,BMI,TRUE,6.0886145e-05,0.030999999
114,2,40453009,T,G,eGFR,TRUE,2.2828579e-05,0.9990000128746033
115,2,42934040,A,G,"MCH,MCV",TRUE,0.00016135,0.9940000176429749
116,2,43212193,T,C,eGFR,TRUE,0.000612259,0.009
117,2,43221340,A,T,Plt,TRUE,-0.000286102,0.007
118,2,43455520,A,T,"ApoB,TC",TRUE,-7.19E-05,0
119,2,43845437,G,T,Cholelithiasis,TRUE,0.000539422,0.001
120,2,45651621,G,T,eGFRcys,TRUE,-0.002972722,0.9980000257492065
121,2,45998639,T,C,Hb,TRUE,0.000466675,0.001
122,2,46066687,C,T,Hb,TRUE,7.504225e-05,0.8370000123977661
123,2,46803224,A,G,Hb,TRUE,-0.000320077,0.001
124,2,48735152,G,T,HDLC,TRUE,-0.000122011,0.002
125,2,54456574,T,C,eBMD,TRUE,-7.04E-05,0.1120000034570694
126,2,54560455,C,G,"Neutro,WBC",TRUE,-3.36E-05,0.9779999852180481
127,2,66523432,G,T,Insomnia,TRUE,0.000253975,1
128,2,68735005,G,A,"LOY,Neutro,Plt",TRUE,-0.000520945,0.996999979
129,2,71827707,C,T,AG,TRUE,5.8352947e-05,0.07
130,2,105749599,T,C,Alzheimer_LTFH,TRUE,4.1246414e-05,0.01
131,2,110994574,T,C,Mono,TRUE,-0.000143468,0.004
132,2,111050100,G,A,MCH,TRUE,-0.000392795,0.2409999966621399
133,2,111119036,G,C,Mono,TRUE,0.000148714,0
134,2,111387911,G,T,"MCH,MCV,RBC",TRUE,-0.000555664,0.2290000021457672
135,2,111410354,T,C,"AG,MCH,MCV,RBC",TRUE,-0.000305891,0.002
136,2,111462782,T,C,"AG,Eosino,TP",TRUE,-2.52E-05,0.004
137,2,111479657,A,G,TP,TRUE,0.000437319,0.001
138,2,111505897,C,T,Ca,TRUE,0.000343978,0.008
139,2,111622952,C,T,TP,TRUE,1.4275312e-05,0
140,2,118146139,G,A,eBMD,TRUE,0.000565022,0.002
141,2,118750031,C,T,eBMD,TRUE,-0.000384986,0.001
142,2,118769547,G,A,eBMD,TRUE,0.001095772,0.001
143,2,118772253,T,C,eBMD,TRUE,0.000186503,0.005
144,2,120388925,T,C,Age_at_Menopause,TRUE,-0.000289023,0
145,2,120548864,G,A,"ApoB,GGT,IGF1,LDLC,UA,eGFRcys",TRUE,-0.000107765,0.085000001
146,2,120552693,A,C,"ALP,Urea",TRUE,-0.005573899,0
147,2,120590036,G,C,"GGT,HDLC,TG",TRUE,-0.000999749,0.3319999873638153
148,2,127135234,C,T,Alzheimer_LTFH,TRUE,1.4305115e-06,0.9850000143051147
149,2,136136760,C,T,LOY,TRUE,0.000568032,1
150,2,143074030,A,G,Lym,TRUE,-0.000839084,0.046
151,2,143404536,A,G,"AG,Lym,Mono,WBC",TRUE,0.000177383,0.34599998593330383
152,2,143575013,T,C,WBC,TRUE,-2.69E-05,0.8069999814033508
153,2,160346884,T,C,Height,TRUE,-0.000154495,0.001
154,2,160409399,C,T,Glucose,TRUE,0.000321448,0.088
155,2,162107791,G,A,Alb,TRUE,-0.000416279,0.10499999672174454
156,2,162254026,A,G,Hypothyroidism,TRUE,9.948015e-05,0.013000000268220901
157,2,167995451,A,C,ApoA,TRUE,-0.000636995,0.012000000104308128
158,2,168457008,C,T,"HbA1c,MCH,MCHC",TRUE,-0.000329793,0.24899999797344208
159,2,168906638,T,C,"Glucose,HbA1c",TRUE,-0.000261486,0.42100000381469727
160,2,173354407,G,A,"MCH,MCV",TRUE,8.058548e-05,0
161,2,176109376,G,T,"Hb,Ht,RBC,UA,eGFRcys",TRUE,0.005604327,0.9980000257492065
162,2,176127129,C,A,Balding_Type4,TRUE,0.000148118,0.996999979
163,2,176127716,C,T,Balding_Type4,TRUE,0.00022614,0.001
164,2,176128855,C,G,"UA,eGFRcys",TRUE,-0.001235336,0.625
165,2,178556459,A,C,AFib,TRUE,0.000396192,0.001
166,2,181459039,G,A,Mono,TRUE,-2.37E-05,0.5419999957084656
167,2,191831529,A,G,Plt,TRUE,-0.000495374,0.006
168,2,203836104,C,T,AG,TRUE,-1.07E-05,0.9980000257492065
169,2,203874196,G,A,AG,TRUE,0.000526965,0
170,2,207879830,T,G,eBMD,TRUE,-0.000111818,0.8109999895095825
171,2,212870831,A,C,Ca,TRUE,-0.000314951,0.043000001
172,2,213147501,C,T,"Urea,eGFR",TRUE,-0.005262971,1
173,2,218156235,C,T,"Neutro,WBC",TRUE,0.00020352,0.9210000038146973
174,2,218229211,G,A,Plt,TRUE,0.000338137,0.064000003
175,2,218554967,A,G,ApoA,TRUE,-0.000302941,0
176,2,224492608,T,C,Height,TRUE,-3.14E-05,0.007
177,2,224951925,A,T,Plt,TRUE,0.000904262,0
178,2,229390861,A,G,FEV1FVC,TRUE,-0.000579774,0.048999999
179,2,230661811,G,C,Lym,TRUE,-0.000618905,0
180,2,231463970,C,T,Height,TRUE,-0.000577033,0.4059999883174896
181,2,231925343,C,T,Height,TRUE,0.000337064,0.092
182,2,232230158,C,T,Height,TRUE,0.000394166,0.014000000432133675
183,2,232250448,C,G,Height,TRUE,-0.001247615,1
184,2,233757337,A,G,TBil,TRUE,0.000571072,0.002
185,2,234981357,T,C,Plt,TRUE,-0.000245571,0.1809999942779541
186,2,238240929,C,T,Morning_Person,TRUE,-0.001399934,0.9559999704360962
187,2,238739031,G,A,IGF1,TRUE,0.000460863,0.003
188,2,240571486,G,A,"Ht,MCH,MCHC,Plt,RBC",TRUE,-0.000534952,0.004
189,2,241759225,G,A,"Asthma,DVT,Eosino",TRUE,0.000424743,0
190,3,4867756,T,C,GGT,TRUE,0.000174224,0.017000000923871994
191,3,9933702,C,G,FEV1FVC,TRUE,-0.004707426,0.9430000185966492
192,3,12409339,C,T,ALP,TRUE,-0.000130117,0.9789999723434448
193,3,12453295,C,A,GGT,TRUE,0.000213265,0.5339999794960022
194,3,17056907,A,G,"MCH,MCV,RBC",TRUE,-0.000145316,0.001
195,3,20064181,A,G,"MCH,MCV",TRUE,-0.000687391,0.007
196,3,24478792,A,G,"Alb,CRP,SHBG,TG",TRUE,-6.38E-05,0
197,3,29318461,T,C,"ALT,GGT",TRUE,-0.000875652,0
198,3,37977937,C,T,Height,TRUE,0.000995457,0.048
199,3,41000758,G,A,eBMD,TRUE,6.735325e-05,0.041999999433755875
200,3,46312953,C,T,Mono,TRUE,-0.000426531,0.8519999980926514
201,3,47210330,A,G,ALT,TRUE,-0.000834405,0.024000000208616257
202,3,49393727,T,A,eGFR,TRUE,-0.001307696,0
203,3,56815721,T,C,"Ca,Lym,Plt",TRUE,-5.62E-05,0.4729999899864197
204,3,56916027,G,A,Plt,TRUE,0.00022614,0.004
205,3,61294052,T,A,Testosterone,TRUE,-7.55E-05,0.063000001
206,3,61572044,A,G,Height,TRUE,-0.000472069,0.005
207,3,62474144,A,C,"BFP,BMI",TRUE,-0.001107454,0.009
208,3,64561801,G,C,eGFRcys,TRUE,-0.0003227,0.004
209,3,66457018,A,G,MCH,TRUE,-0.000302166,0.421999991
210,3,72345701,T,C,DVT,TRUE,-0.000187635,0.006
211,3,72348128,A,G,"Height,Mono",TRUE,6.1154366e-05,0.005
212,3,73813465,G,A,FEV1FVC,TRUE,-7.64E-05,0.9990000128746033
213,3,86988393,A,G,"TG,eGFR",TRUE,-0.00151217,1
214,3,99684886,G,T,FEV1FVC,TRUE,-6.65E-05,0.9950000047683716
215,3,101942612,C,A,AG,TRUE,0.000381768,0.9760000109672546
216,3,105530367,C,T,Irritability,TRUE,0.000624478,0
217,3,119810266,G,T,"ApoA,GGT,HDLC,TC",TRUE,-2.28E-05,0
218,3,122291374,C,T,Ca,TRUE,-0.001100689,0.671999991
219,3,123346931,A,G,"Glucose,HbA1c",TRUE,-0.000259638,1
220,3,125208824,A,C,ALT,TRUE,-0.000561714,0
221,3,126274431,G,A,Balding_Type4,TRUE,0.000545442,0.001
222,3,126350105,C,T,Balding_Type4,TRUE,0.000230551,0.001
223,3,128484100,G,C,PP,TRUE,0.000171304,0
224,3,128599135,C,T,Eosino,TRUE,-0.00023514,0.002
225,3,128603774,G,A,"Eosino,Mono",TRUE,0.000348806,1
226,3,128630533,T,G,"MCV,Mono",TRUE,-0.001216948,0.004
227,3,129568161,A,G,WHRadjBMI,TRUE,-0.000442863,0.004
228,3,129574303,C,T,Height,TRUE,0.000242412,0
229,3,133759713,T,G,HDLC,TRUE,1.591444e-05,0
230,3,134419934,G,A,"MCH,RBC",TRUE,-0.000240028,0.4189999997615814
231,3,141402294,C,T,Height,TRUE,-0.001438201,0.8970000147819519
232,3,141487958,C,T,"AG,Neutro,TP,WBC",TRUE,0.000198662,0.9950000047683716
233,3,141529673,A,G,RBC,TRUE,-0.000912905,0.953000009
234,3,147998711,T,C,BMI,TRUE,-0.000205755,0.007
235,3,150348753,T,A,"ApoA,BFP,HDLC,TG,WHRadjBMI",TRUE,0.000138879,0.9919999837875366
236,3,150990128,G,T,Neutro,TRUE,0.000385523,0.022
237,3,169476456,A,T,Glucose,TRUE,-6.71E-05,1
238,3,171978128,G,A,WBC,TRUE,-0.000103176,0.013000000268220901
239,3,172115476,G,C,BFP,TRUE,-9.92E-05,0
240,3,172559189,T,C,Mono,TRUE,-0.000720114,0.001
241,3,172576710,G,A,"ALT,AST,GGT,Hb,Plt,SHBG,TG",TRUE,0.00021717,0.01
242,3,177717331,T,C,Height,TRUE,-0.000825316,0.001
243,3,179148135,G,A,MCV,TRUE,-0.001832485,0.17100000381469727
244,3,181611894,T,C,BMI,TRUE,0.000225484,0.9940000176429749
245,3,184372454,C,T,Plt,TRUE,-0.000730962,0.002
246,3,184372478,C,T,Plt,TRUE,0.000529408,0.005
247,3,184373314,T,G,Plt,TRUE,-0.002070159,0.002
248,3,184373361,G,T,Plt,TRUE,-0.002007723,0.9169999957084656
249,3,185772396,A,G,BW,TRUE,-0.000158727,0.045000002
250,3,185937666,A,G,Height,TRUE,-6.56E-05,0.01
251,3,187741709,T,C,ALP,TRUE,0.001537532,0.028999999165534973
252,3,188027018,G,A,Urea,TRUE,0.000842512,0
253,3,188158091,G,A,IGF1,TRUE,0.000184715,0.003
254,3,194093516,C,G,eGFRcys,TRUE,0.000553429,0
255,4,1009234,C,T,eBMD,TRUE,-0.000333816,0.001
256,4,1018512,T,C,"ALP,eBMD",TRUE,-0.000349045,0.003
257,4,1802549,G,A,FEV1FVC,TRUE,-0.0006679,0.7590000033378601
258,4,3442204,A,G,"ALT,ApoB,Ca,GGT,IGF1,TC,TG",TRUE,-8.74E-05,0
259,4,3474810,G,A,Ca,TRUE,0.001336694,0.001
260,4,4988571,A,G,"BFP,TG,WHRadjBMI",TRUE,-3.78E-05,0.001
261,4,6908608,C,G,Plt,TRUE,-0.000249982,0.002
262,4,15890536,G,A,VitD,TRUE,-0.000619113,0.11999999731779099
263,4,18171148,A,G,Urea,TRUE,-0.000815451,0.47699999809265137
264,4,23886996,A,G,"Hb,Ht",TRUE,-0.000316739,0.001
265,4,23924364,G,A,AST,TRUE,0.000752986,0.001
266,4,25011026,G,C,"Neutro,WBC",TRUE,-0.00125131,0
267,4,25970951,C,T,"Alb,TP",TRUE,9.447336e-05,0.004
268,4,26151105,A,G,"Alb,Ca,TP",TRUE,-0.000111818,0.9829999804496765
269,4,36270218,A,G,FEV1FVC,TRUE,-0.000109017,0.008
270,4,36310920,G,A,"Neutro,WBC",TRUE,0.000432491,0.656000018
271,4,40290296,A,G,AID_Combined,TRUE,0.000622779,0.001
272,4,46446448,G,A,IGF1,TRUE,-8.16E-05,0.003
273,4,48938889,A,G,Plt,TRUE,-0.000491202,0.013000000268220901
274,4,54542708,A,T,Neutro,TRUE,-4.95E-05,0
275,4,54542832,T,C,"MCH,MCV,RBC",TRUE,-0.000138044,0.013000000268220901
276,4,54945913,G,A,RBC,TRUE,0.000510573,0
277,4,68507689,T,C,"LDLC,TC",TRUE,-0.000632286,0
278,4,68627072,A,T,LDLC,TRUE,-6.26E-06,0.005
279,4,76451926,C,T,Hb,TRUE,0.000248402,0.001
280,4,87362673,C,T,Plt,TRUE,-0.001054198,0.671999991
281,4,101787840,C,A,"BMI,BW",TRUE,8.362532e-05,0
282,4,102527974,A,G,"Eosino,Lym,WBC",TRUE,-0.000435889,0.01
283,4,103744815,C,T,"Age_at_Menarche,IGF1",TRUE,-0.000839174,0.032999999821186066
284,4,108355674,G,A,Height,TRUE,0.000580311,0.004
285,4,108560745,C,T,Height,TRUE,0.000467479,0.9980000257492065
286,4,109603883,G,T,TG,TRUE,-0.001913101,0.19099999964237213
287,4,110207431,C,T,ALP,TRUE,0.000203937,0.054999999701976776
288,4,144104973,C,T,"HbA1c,MCH,MCHC,Neutro,TBil",TRUE,0.000166655,0.15199999511241913
289,4,144357603,A,G,Height,TRUE,-3.11E-05,0.007
290,4,145900258,C,A,"ALT,AST,GGT",TRUE,6.175041e-05,0.6190000176429749
291,4,145939034,A,G,Alb,TRUE,0.003562808,1
292,4,173516847,G,C,Lym,TRUE,-0.000176489,0.002
293,4,173663512,C,G,PP,TRUE,0.000611812,0.001
294,4,185776340,T,C,Height,TRUE,3.9339066e-06,0.001
295,5,1104823,C,T,"MCH,MCV,RBC",TRUE,-6.38E-05,0.014999999664723873
296,5,1271959,C,T,Plt,TRUE,-0.000157058,0
297,5,1279675,C,T,AG,TRUE,-0.000809312,0
298,5,1279913,G,A,PrC,TRUE,6.759167e-05,0
299,5,1285859,C,A,Plt,TRUE,-0.000870854,0.001
300,5,1287079,G,A,"MCH,MCV,Neutro,Plt,RBC",TRUE,0.000185579,0.01
301,5,1442864,C,T,Insomnia,TRUE,-1.91E-05,0
302,5,14768657,C,T,HbA1c,TRUE,0.000347376,0
303,5,16835896,T,C,Age_at_Menarche,TRUE,0.000307381,0.085000001
304,5,32711527,C,A,Height,TRUE,-0.003106177,0.996999979
305,5,35476368,G,T,Mono,TRUE,9.846687e-05,0
306,5,36160566,G,A,Height,TRUE,0.00061208,0.045000002
307,5,39270693,C,T,MCH,TRUE,6.2286854e-05,0.8050000071525574
308,5,39424526,A,C,Height,TRUE,-9.73E-05,0.9330000281333923
309,5,39426205,T,C,eBMD,TRUE,0.000425398,0.17599999904632568
310,5,39533216,T,A,AST,TRUE,0.000496864,0
311,5,42687527,T,C,IGF1,TRUE,0.000377685,0.020999999716877937
312,5,52897294,A,G,"ALP,ALT,GGT",TRUE,-0.000157952,0.010999999940395355
313,5,56148813,T,C,Lym,TRUE,-4.86E-05,0
314,5,56565039,G,T,WHRadjBMI,TRUE,0.000458837,0.9919999837875366
315,5,66620956,G,A,Plt,TRUE,0.000388622,0.9470000267028809
316,5,68418419,A,G,"ALT,BFP,HDLC,TG",TRUE,0.00021863,0.006
317,5,68419334,A,G,UA,TRUE,-0.000260592,0.003
318,5,72848178,C,T,MCHC,TRUE,0.001520813,0.6669999957084656
319,5,73135655,G,C,UA,TRUE,-0.000174582,0
320,5,75360714,T,C,LDLC,TRUE,0.001641065,0.012000000104308128
321,5,88884379,T,C,"MCV,Plt",TRUE,-0.001215726,0.46799999475479126
322,5,88886109,T,G,Plt,TRUE,-0.001798093,1
323,5,89042972,G,A,Plt,TRUE,-2.94E-05,0.001
324,5,90170365,T,A,IGF1,TRUE,0.000161767,1
325,5,95827733,A,G,HbA1c,TRUE,-0.000760287,0.006
326,5,107543091,G,C,GGT,TRUE,8.016825e-05,0.027000000700354576
327,5,111066174,T,C,"Asthma,Eosino",TRUE,-0.000526428,0.16500000655651093
328,5,111230662,C,T,Lym,TRUE,0.000198185,1
329,5,113217866,C,A,Alb,TRUE,0.000171423,0
330,5,126755736,G,C,Baso,TRUE,-0.000548422,0.002
331,5,134103583,G,A,"AG,DVT",TRUE,-0.000374794,0.9990000128746033
332,5,135251290,G,A,IGF1,TRUE,-0.001173019,0.996999979
333,5,142698150,A,G,WHRadjBMI,TRUE,-0.000144303,0.001
334,5,149407906,G,A,eBMD,TRUE,-0.000158668,0.030999999
335,5,151181776,G,A,FEV1FVC,TRUE,0.000946522,0
336,5,160168469,T,C,Plt,TRUE,-7.33E-05,0.003
337,5,166627539,A,G,Sensitivity,TRUE,0.000255227,0.7940000295639038
338,5,171474459,T,G,FEV1FVC,TRUE,0.000416189,0.9559999704360962
339,5,171762567,A,G,Height,TRUE,-0.000464916,0.996999979
340,5,173326552,T,G,Height,TRUE,-0.000511825,0.9860000014305115
341,5,177082192,C,T,"BW,Height",TRUE,-0.000429362,0
342,5,177372991,T,C,eGFRcys,TRUE,-0.000214398,0.002
343,5,177553903,G,A,"Height,MCH,MCV",TRUE,-0.001590431,0.10100000351667404
344,5,179124298,T,G,Height,TRUE,-0.000121236,0
345,5,180171771,T,C,FEV1FVC,TRUE,0.000131071,0.003
346,6,231878,T,C,Lym,TRUE,-0.000757605,0.002
347,6,259300,C,T,AG,TRUE,-0.00026533,0.050999999046325684
348,6,428486,G,A,Balding_Type4,TRUE,-0.000541627,0.002
349,6,577820,A,G,"AG,Eosino,TP",TRUE,-0.00031805,0.002
350,6,2680498,C,T,ALP,TRUE,-0.000728846,0.9919999837875366
351,6,2885696,T,C,Plt,TRUE,-0.000617921,0.296999991
352,6,6782065,A,G,WHRadjBMI,TRUE,-8.30E-05,0.001
353,6,6971520,C,T,IGF1,TRUE,0.000254393,0.004
354,6,7107464,G,C,UA,TRUE,0.000129133,0.001
355,6,7143626,C,A,HbA1c,TRUE,7.1525574e-06,0.9980000257492065
356,6,7250897,G,T,UA,TRUE,-0.003608733,0.9829999804496765
357,6,7562999,T,G,FEV1FVC,TRUE,-4.18E-05,0.001
358,6,10723216,A,C,"MCH,MCV",TRUE,0.000137389,0.001
359,6,11593752,A,G,Plt,TRUE,-0.000947177,0.003
360,6,12903725,A,G,"CAD,Migraine_Self,PP,SBP",TRUE,-0.000151932,0.843999982
361,6,16167286,C,T,"MCH,MCV",TRUE,-0.000207305,0.045000002
362,6,19724758,T,C,BW,TRUE,0.000309706,0.001
363,6,19839184,C,T,BW,TRUE,-0.002126515,1
364,6,20404189,T,C,"ALT,IGF1",TRUE,0.000413418,0.9980000257492065
365,6,20428201,C,A,eGFRcys,TRUE,-0.000740409,0.003
366,6,20488666,A,G,BMI,TRUE,0.000393897,0
367,6,22749672,G,A,FEV1FVC,TRUE,0.00015974,0.9129999876022339
368,6,39399216,A,G,Height,TRUE,-0.000453293,0.056000002
369,6,39879503,G,A,Height,TRUE,-0.000133216,0.002
370,6,40974457,G,A,Alzheimer_LTFH,TRUE,-0.000918835,0.2240000069141388
371,6,41503651,T,A,Height,TRUE,8.314848e-05,1
372,6,41703939,A,G,CRP,TRUE,-0.000409722,0
373,6,41735303,G,A,SHBG,TRUE,-0.00034076,0.002
374,6,41884878,T,A,"MCH,MCV",TRUE,2.3543835e-06,0.001
375,6,41953503,G,T,MCV,TRUE,-0.000374049,0.093000002
376,6,41957260,C,T,"MCH,MCV",TRUE,-6.74E-05,0.9850000143051147
377,6,42229969,C,T,Eosino,TRUE,0.000746608,0.002
378,6,42894008,A,T,Plt,TRUE,0.001234755,0.006
379,6,43378065,C,T,Urea,TRUE,4.440546e-06,0.048
380,6,43725357,G,T,LOY,TRUE,-0.000318825,0.6610000133514404
381,6,43759219,T,C,Plt,TRUE,-0.000225782,0
382,6,43788432,C,T,"TG,WHRadjBMI",TRUE,-0.000228584,0.7239999771118164
383,6,43790159,C,A,"TG,WHRadjBMI",TRUE,0.000189185,0.9819999933242798
384,6,43901249,A,G,"Hb,Ht",TRUE,-0.000322759,0.027000000700354576
385,6,43973400,T,C,"Hb,Ht",TRUE,-0.000365257,0.9779999852180481
386,6,44062274,A,G,"Hb,Ht,UA,eGFRcys",TRUE,-0.000374258,0.375
387,6,44235582,G,A,MCV,TRUE,-0.000413001,0.037
388,6,44264337,A,G,Mono,TRUE,0.000188231,0.009
389,6,44481960,G,A,MCP,TRUE,-0.000411272,0.097000003
390,6,71496917,C,A,DBP,TRUE,0.000390291,0.39399999380111694
391,6,73695048,C,T,eBMD,TRUE,8.7827444e-05,0.4059999883174896
392,6,75454873,C,A,Height,TRUE,0.00020504,0.004
393,6,81754499,T,G,eGFRcys,TRUE,-0.000543058,0
394,6,81792002,C,T,Baso,TRUE,-0.000378966,0.016000001
395,6,99714064,A,T,Height,TRUE,0.000136107,0.002
396,6,105908171,C,T,Alb,TRUE,0.000525564,0.001
397,6,130020090,T,C,Height,TRUE,0.000186205,0.37299999594688416
398,6,135097497,C,T,"MCV,RBC",TRUE,3.6418438e-05,0.9909999966621399
399,6,135907479,T,C,Age_at_Menarche,TRUE,-0.000428438,0.090000004
400,6,136954701,T,C,Ca,TRUE,0.000179172,0.001
401,6,139029045,G,A,AG,TRUE,-0.000522137,0.001
402,6,142392705,G,A,FEV1FVC,TRUE,-7.63E-05,0
403,6,142821176,A,C,DBP,TRUE,-0.000681818,0.9700000286102295
404,6,144064640,C,T,Mono,TRUE,-0.000151694,0.11299999803304672
405,6,148508305,G,A,eBMD,TRUE,-0.000328064,0.14399999380111694
406,6,149077964,G,T,AFib,TRUE,-0.000972092,0.013000000268220901
407,6,151577371,C,T,Lym,TRUE,0.000470608,0.009
408,6,152155817,G,C,eBMD,TRUE,0.000610262,0.028000001
409,6,155228106,G,C,BW,TRUE,-9.50E-05,0.007
410,6,156617565,C,T,Mono,TRUE,-3.31E-05,0.001
411,6,160490564,G,A,"CAD,LDLC,LipoA",TRUE,0.000196099,0
412,6,160565883,A,C,LipoA,TRUE,0.001460686,0.082999997
413,6,160589086,A,G,LipoA,TRUE,0.000297606,0
414,6,160591981,T,C,"ApoB,CAD,LDLC,LipoA,TC,TG",TRUE,-0.000663996,0.006
415,6,160596331,G,A,"LDLC,LipoA",TRUE,-0.000242889,0
416,6,160678012,A,T,LDLC,TRUE,-0.00157243,0.002
417,6,160680891,T,A,TC,TRUE,-0.002101854,0.1770000010728836
418,6,160720708,C,T,eGFR,TRUE,-0.000134945,0.5609999895095825
419,6,160745630,G,A,ALP,TRUE,-0.000500083,0.045000002
420,6,160800348,G,C,LipoA,TRUE,0.001236081,0.043000001
421,6,164057356,C,A,"LOY,MCV",TRUE,-4.41E-05,0.001
422,6,166007639,A,G,Urea,TRUE,-4.38E-05,0
423,6,170273934,T,C,Plt,TRUE,-0.000241578,0
424,7,3118068,A,G,Lym,TRUE,-0.000285268,0.002
425,7,6462736,T,C,Mono,TRUE,-0.000982136,0.9980000257492065
426,7,6485212,C,G,AG,TRUE,-0.00060901,0.22300000488758087
427,7,14179588,T,G,IGF1,TRUE,0.000138044,0.032999999821186066
428,7,14858657,C,T,"Glucose,HbA1c",TRUE,0.000515521,0.19499999284744263
429,7,20594113,G,A,eGFR,TRUE,0.000390172,0.9480000138282776
430,7,22719850,A,G,AG,TRUE,7.748604e-05,0.001
431,7,26357619,C,A,"ApoA,HDLC,TG,WHRadjBMI",TRUE,0.001113415,0.002
432,7,27187740,G,A,WHRadjBMI,TRUE,-0.002464578,0.9959999918937683
433,7,27225099,G,C,WHRadjBMI,TRUE,-0.000447929,0
434,7,28237488,C,G,"Neutro,WBC",TRUE,0.000625372,0
435,7,28684757,G,T,"Baso,Neutro,WBC",TRUE,0.000150085,0.013000000268220901
436,7,28684874,C,T,Mono,TRUE,0.000273347,0
437,7,42567314,C,T,eBMD,TRUE,0.000151992,0.001
438,7,44196095,A,T,"Glucose,HbA1c",TRUE,-0.000175774,0.014999999664723873
439,7,45880199,T,C,IGF1,TRUE,-0.000393897,0.002
440,7,45970501,C,G,PP,TRUE,-0.000653803,0.085000001
441,7,50307202,T,G,Mono,TRUE,-0.000309229,0.012000000104308128
442,7,50330658,C,T,"Baso,Mono,Neutro",TRUE,-1.22E-05,0
443,7,50360284,G,A,"MCH,MCV,RBC,TBil",TRUE,-3.70E-06,0.8889999985694885
444,7,50376454,G,T,Eosino,TRUE,-0.001898646,0.8140000104904175
445,7,50833794,A,G,eBMD,TRUE,-0.000212491,0.002
446,7,77409628,C,T,DVT,TRUE,0.000420272,0.13199999928474426
447,7,77417785,A,G,HbA1c,TRUE,-0.000131965,0.027000000700354576
448,7,81934806,T,C,SHBG,TRUE,-9.14E-05,0.020999999716877937
449,7,92779015,C,T,Eosino,TRUE,4.595518e-05,0.090999998
450,7,92779056,C,T,"ALT,Baso,Eosino,GGT,Mono,Neutro,SHBG,WBC",TRUE,0.000422239,0.057
451,7,93053295,G,A,"MCH,MCV",TRUE,0.000578851,0
452,7,97017872,T,C,eBMD,TRUE,-6.87E-05,1
453,7,99735325,T,G,"Testosterone,eBMD",TRUE,0.001226306,0.006
454,7,100233545,T,C,IGF1,TRUE,-2.86E-05,0.002
455,7,100711557,A,G,"Hb,Ht,RBC",TRUE,0.000531286,0.9900000095367432
456,7,100716851,C,T,"Hb,Ht,RBC",TRUE,0.000281692,0.5669999718666077
457,7,102964410,T,A,Morning_Person,TRUE,-0.001675397,0
458,7,105854517,G,A,eBMD,TRUE,0.000280738,0.9110000133514404
459,7,111984034,T,C,Alb,TRUE,-3.62E-05,0.007
460,7,112445345,T,C,Mono,TRUE,0.000580192,0.017000000923871994
461,7,113142501,G,A,Eosino,TRUE,0.000322938,0.002
462,7,121322110,A,G,eBMD,TRUE,-9.98E-06,0
463,7,130899925,C,G,IGF1,TRUE,-0.00039953,0
464,7,130942255,G,T,IGF1,TRUE,-0.000187099,0.9980000257492065
465,7,134058640,A,G,IGF1,TRUE,-0.000546098,0
466,7,135661514,T,G,LOY,TRUE,0.000822932,0.050000001
467,7,140175430,C,T,Plt,TRUE,-0.004376084,1
468,7,143384849,G,C,"Baso,Mono",TRUE,4.568696e-05,1
469,7,150993088,C,T,"DBP,DVT,Height,MAP",TRUE,-0.00261268,0.9769999980926514
470,7,151007755,G,A,"DBP,MAP,SBP",TRUE,0.00055933,0
471,7,151717243,T,C,"Hb,Ht",TRUE,-0.000706077,0.017999999225139618
472,7,155807723,T,C,FEV1FVC,TRUE,-0.000223994,0
473,7,155812377,C,T,"eGFR,eGFRcys",TRUE,-0.003412813,0.9990000128746033
474,7,155822933,A,C,eGFR,TRUE,-0.000391126,0
475,7,155826804,A,T,eGFRcys,TRUE,-0.000680149,0.6039999723434448
476,7,155877481,T,C,"eGFR,eGFRcys",TRUE,-0.000160873,0.9829999804496765
477,7,157219242,T,C,Hb,TRUE,-0.00040102,0.025
478,8,4952275,A,C,Height,TRUE,-0.000302434,0.001
479,8,9313419,G,T,ApoA,TRUE,0.001086116,0
480,8,9325829,C,T,CRP,TRUE,3.4093857e-05,0.004
481,8,19974466,G,A,ApoA,TRUE,0.000576198,0
482,8,20119800,C,G,"ApoA,HDLC",TRUE,-5.21E-05,0.9399999976158142
483,8,22572616,C,A,Lym,TRUE,0.000720143,0.028999999165534973
484,8,22643820,A,T,eBMD,TRUE,-0.00021714,0
485,8,23107206,G,A,Eosino,TRUE,0.000727743,0.001
486,8,23520091,A,C,Ca,TRUE,-8.88E-05,0.48899999260902405
487,8,23559374,T,C,MCHC,TRUE,-0.000261366,0
488,8,25607174,G,T,"TG,WHRadjBMI",TRUE,-2.57E-05,0.9940000176429749
489,8,37540285,T,C,HbA1c,TRUE,-0.00050211,0.7979999780654907
490,8,41732218,T,G,"HbA1c,MCHC,TBil",TRUE,-0.000375152,0.002
491,8,41772929,G,A,"HbA1c,Lym,MCHC,MCV,TBil",TRUE,0.00035429,0
492,8,42467247,T,C,PP,TRUE,-0.000121057,0.003
493,8,43934625,A,T,Eosino,TRUE,-0.001227558,
494,8,47739071,A,G,"Eosino,Mono",TRUE,-0.00180006,0.014000000432133675
495,8,56752460,G,T,Height,TRUE,0.000580549,0.9860000014305115
496,8,75553674,C,T,GGT,TRUE,-0.000217259,0.001
497,8,76581291,T,A,eBMD,TRUE,0.000147283,1
498,8,78805102,A,C,Lym,TRUE,-0.00285092,0.75
499,8,78840775,C,T,Lym,TRUE,-8.28E-05,0.007
500,8,80669913,C,T,SHBG,TRUE,-7.18E-05,0.001
501,8,102119072,T,C,FEV1FVC,TRUE,-0.000286043,0.001
502,8,102653990,A,T,Age_at_Menopause,TRUE,-0.008166641,1
503,8,105569300,A,T,Plt,TRUE,0.000121593,0
504,8,108090690,G,A,Balding_Type4,TRUE,0.000319183,0.007
505,8,108133327,C,T,Balding_Type4,TRUE,0.000371277,0.007
506,8,109095596,G,A,Lym,TRUE,0.000593841,0.004
507,8,116155618,C,T,eBMD,TRUE,2.2411346e-05,1
508,8,116227635,C,T,Balding_Type4,TRUE,0.000470996,0.1469999998807907
509,8,120845126,C,T,HDLC,TRUE,-0.000498533,0.001
510,8,125432813,G,A,"HDLC,TG,WHRadjBMI",TRUE,-0.000181019,0.9629999995231628
511,8,125494452,G,A,WHRadjBMI,TRUE,0.000117779,0
512,8,127064901,G,A,PrC,TRUE,-0.000381887,0
513,8,127091872,A,G,PrC,TRUE,-4.06E-05,0.030999999
514,8,128682763,T,C,DVT,TRUE,-0.000231802,0.001
515,8,129629076,C,T,Mono,TRUE,-0.000212252,0.002
516,8,129683891,G,C,Mono,TRUE,0.000552297,0.005
517,8,130014213,C,G,"MCHC,TBil",TRUE,0.001223564,0.001
518,8,135317303,C,T,DBP,TRUE,0.000626862,0
519,8,139633808,C,T,Age_at_Menarche,TRUE,-0.0003649,0.001
520,8,143217987,T,C,"ApoA,HDLC",TRUE,0.000763714,0.003
521,8,143619971,G,A,ALT,TRUE,-1.71E-05,0.15299999713897705
522,8,143944186,C,T,eGFR,TRUE,-0.002372146,0.9900000095367432
523,8,144727118,A,G,ALT,TRUE,-0.000243783,0.11299999803304672
524,9,2622134,C,T,"Hb,Ht",TRUE,0.001381844,0.9990000128746033
525,9,2640759,A,G,"LDLC,TC",TRUE,0.000196159,0.15199999511241913
526,9,4049942,A,G,"Lym,Mono",TRUE,0.001033843,0.01
527,9,4305064,A,C,SHBG,TRUE,0.000189245,0.002
528,9,4740251,A,C,Height,TRUE,-0.00125739,0.4429999887943268
529,9,4763368,C,A,Neutro,TRUE,-0.000156045,0.7009999752044678
530,9,4763491,G,A,"Eosino,Neutro",TRUE,-0.000183821,0.001
531,9,4840380,A,G,Plt,TRUE,-0.000535488,0.030999999
532,9,5438435,C,A,Hypothyroidism,TRUE,-6.35E-05,0.001
533,9,6197392,T,C,Eosino,TRUE,0.000170469,0
534,9,13226946,G,A,eBMD,TRUE,0.000371158,0.001
535,9,13976286,G,A,"Hb,Ht,RBC",TRUE,2.8073788e-05,0.001
536,9,15304784,C,A,"ApoA,HDLC",TRUE,-0.000588,0.001
537,9,19084446,T,G,PP,TRUE,0.000362009,0
538,9,22151140,G,A,Lym,TRUE,6.213784e-05,0.001
539,9,30823763,A,G,"BFP,BMI",TRUE,0.00011909,0
540,9,32450189,T,C,Hb,TRUE,-0.000124305,0
541,9,71183455,C,A,Age_at_Menarche,TRUE,-4.61E-05,0.8989999890327454
542,9,76132870,G,A,Height,TRUE,0.001185715,0
543,9,76134057,C,T,FEV1FVC,TRUE,-0.000622571,1
544,9,76216499,A,G,Height,TRUE,-0.000180125,0.002
545,9,79631436,A,T,IGF1,TRUE,0.010117531,1
546,9,79664852,C,T,"AG,AST,TP",TRUE,5.608797e-05,0.11900000274181366
547,9,84151796,T,A,Age_at_Menarche,TRUE,-0.000237823,0.9980000257492065
548,9,88814580,C,G,RBC,TRUE,1.6212463e-05,0.257999986
549,9,91038926,G,A,Hb,TRUE,0.000504971,0.026000000536441803
550,9,95606479,T,C,BW,TRUE,0.000286043,1
551,9,96430637,A,C,Plt,TRUE,-7.09E-06,0.14100000262260437
552,9,104827463,C,T,"HDLC,TC",TRUE,-4.71E-06,0.003
553,9,104906792,T,C,"ApoA,HDLC",TRUE,-7.67E-05,0.8769999742507935
554,9,108150874,T,G,HbA1c,TRUE,0.000354469,0.9950000047683716
555,9,111150273,A,G,Mono,TRUE,-0.000815451,0.9940000176429749
556,9,113152303,C,T,MCV,TRUE,-0.000161886,0.039999999
557,9,120745577,T,C,SHBG,TRUE,-0.000741184,0.17299999296665192
558,9,120945003,C,T,eGFRcys,TRUE,0.000191331,0.15399999916553497
559,9,126532564,C,T,Ca,TRUE,-0.000506103,0.001
560,9,127558278,C,T,eBMD,TRUE,-3.80E-05,0.088
561,9,127866221,C,T,RBC,TRUE,0.000572294,0.001
562,9,129804387,G,A,ALT,TRUE,-0.000715762,0.028000001
563,9,132426002,T,G,Irritability,TRUE,3.916025e-05,1
564,9,132982259,C,T,Eosino,TRUE,0.000366539,0.9919999837875366
565,9,132985025,G,A,"MCH,MCV,RBC",TRUE,0.00037694,0.075000003
566,9,134030696,T,G,SHBG,TRUE,-0.003657013,0.002
567,9,137464104,C,T,eGFR,TRUE,-0.000187159,0
568,10,853131,A,T,eGFRcys,TRUE,-0.000846386,0.1899999976158142
569,10,3844712,A,G,"MCH,MCV,RBC",TRUE,-0.000430763,0.017000000923871994
570,10,6052734,C,T,"AG,Lym,TP",TRUE,0.000320017,1
571,10,6053965,C,A,"AG,TP",TRUE,-0.000490785,0.002
572,10,8990592,C,G,"Asthma,Eosino",TRUE,-0.000151992,0.9980000257492065
573,10,9238431,T,C,Ca,TRUE,2.8252602e-05,1
574,10,12265895,C,T,HbA1c,TRUE,0.000281632,0.016000001
575,10,17974944,C,T,AST,TRUE,0.0011774,0.009
576,10,18217812,G,C,AST,TRUE,-0.00082916,0.002
577,10,18276660,C,T,AST,TRUE,-0.000169098,0.001
578,10,18439030,C,G,"DBP,MAP,PP,SBP",TRUE,0.000546455,0
579,10,21026624,A,C,eBMD,TRUE,-3.86E-05,0.082999997
580,10,30540625,A,C,AG,TRUE,-0.000111282,0.005
581,10,31080780,T,G,PP,TRUE,0.001022518,0.009
582,10,44363233,C,A,"Hb,Ht",TRUE,-0.000394821,0.008
583,10,44711041,C,T,Glaucoma_Combined,TRUE,-0.000149906,0
584,10,50882756,G,T,"ALT,GGT",TRUE,5.275011e-05,1
585,10,51531231,T,C,Height,TRUE,-2.04E-05,0.010999999940395355
586,10,52652733,A,C,eBMD,TRUE,-2.60E-05,0.35600000619888306
587,10,52653644,G,T,eBMD,TRUE,9.083748e-05,0.001
588,10,52654149,A,G,eBMD,TRUE,-0.001332164,0.017999999225139618
589,10,59649711,G,A,HDLC,TRUE,-0.000432968,0.093000002
590,10,62025330,G,T,eGFR,TRUE,-9.74E-05,0.9950000047683716
591,10,63267850,A,T,Plt,TRUE,-9.38E-05,0.9929999709129333
592,10,69334748,T,C,"Hb,HbA1c,Ht,MCH,MCV,RBC,TBil",TRUE,-3.25E-05,0.01
593,10,69384568,G,A,HbA1c,TRUE,3.5762787e-07,0
594,10,71749034,T,C,"Lym,WBC",TRUE,-0.00017792,0.032999999821186066
595,10,75899975,G,A,FEV1FVC,TRUE,0.000139296,1
596,10,77920756,C,A,ALP,TRUE,0.000416875,0
597,10,79059375,A,G,CRP,TRUE,7.760525e-05,0.026000000536441803
598,10,79404390,C,T,Plt,TRUE,-0.000216365,0.8059999942779541
599,10,86270684,C,T,BW,TRUE,0.000315994,0.002
600,10,87986057,G,A,RBC,TRUE,0.000893325,0.097000003
601,10,89139865,G,C,TP,TRUE,0.000624806,0.012000000104308128
602,10,93079885,G,A,TBil,TRUE,0.000186861,0.001
603,10,100315722,G,A,"ALP,HbA1c,LDLC,Lym,eBMD",TRUE,0.000451833,0.003
604,10,100687890,C,A,BFP,TRUE,-0.001212418,1
605,10,100866753,G,T,"BFP,eGFRcys",TRUE,-0.000477195,1
606,10,104761217,A,C,"MAP,SBP",TRUE,-0.000939012,1
607,10,112964714,A,G,eBMD,TRUE,0.001048863,0.096000001
608,10,114055047,T,A,TG,TRUE,0.000548184,0.020999999716877937
609,10,117721067,G,A,UA,TRUE,0.00027585,0
610,10,119250744,A,G,Plt,TRUE,-6.20E-06,0.041000001
611,10,121130744,T,C,T2D,TRUE,-0.000445068,0.014999999664723873
612,10,121645966,C,G,Height,TRUE,-0.000780404,0.002
613,10,123460520,G,A,BMI,TRUE,-9.13E-05,0.001
614,10,123920903,C,G,Smoking_Ever_Never,TRUE,0.000819594,0
615,10,124601929,G,A,Height,TRUE,-1.39E-05,0
616,10,124941039,A,G,BW,TRUE,-1.84E-05,0.003
617,10,124969506,G,A,Age_at_Menopause,TRUE,-0.000125885,0.052999999
618,10,125033769,G,T,Height,TRUE,-0.000393927,0.007
619,11,1852991,C,T,Mono,TRUE,4.1604042e-05,0.014000000432133675
620,11,2156139,C,T,HbA1c,TRUE,0.000203311,0
621,11,2670241,A,G,Glucose,TRUE,-0.000381589,0
622,11,2777574,A,C,eGFR,TRUE,0.000125229,0
623,11,2792092,C,T,BW,TRUE,-9.17E-05,0.048
624,11,2835964,A,C,"HbA1c,T2D_BMI",TRUE,-0.000232041,0.001
625,11,2837570,G,C,LOY,TRUE,0.000239789,0
626,11,5035736,A,T,MCV,TRUE,-0.001488626,0.12600000202655792
627,11,8233861,C,A,"Alb,Glucose,HbA1c,SHBG",TRUE,-0.006166995,1
628,11,8801946,C,T,WBC,TRUE,0.000110865,0
629,11,10456722,G,C,HbA1c,TRUE,-0.000228822,0.7599999904632568
630,11,12050666,C,G,GGT,TRUE,-0.000426352,1
631,11,14491013,A,G,VitD,TRUE,-0.000974298,0.037999999
632,11,14540399,G,C,"HDLC,TG",TRUE,-0.000570774,0.13199999928474426
633,11,14891027,G,T,VitD,TRUE,-0.001074851,0.041999999433755875
634,11,18614268,A,G,Height,TRUE,-0.000934571,0.023000000044703484
635,11,18618930,C,T,Height,TRUE,-0.00021562,0.026000000536441803
636,11,18632165,A,G,Height,TRUE,-0.000184178,0.10899999737739563
637,11,18632410,C,G,Height,TRUE,0.001874834,0.028000001
638,11,18634724,C,T,Height,TRUE,-0.000498474,0.002
639,11,19044972,A,G,Risk_Taking,TRUE,-0.001179427,0.31200000643730164
640,11,19228617,C,A,"MCH,MCV",TRUE,-9.17E-05,0.23600000143051147
641,11,30727543,T,C,"Hb,Ht,RBC,UA,Urea,eGFR,eGFRcys",TRUE,6.2286854e-05,0.722000003
642,11,34632224,T,G,GGT,TRUE,-0.000133693,1
643,11,56962764,C,T,HDLC,TRUE,-0.000577658,0.022
644,11,61022171,A,C,Lym,TRUE,-4.57E-05,0.002
645,11,62426962,A,G,Lym,TRUE,-0.000151902,0.20000000298023224
646,11,64106201,G,A,GGT,TRUE,-0.000525832,0
647,11,64264326,G,C,RBC,TRUE,-0.000136465,0
648,11,64699070,T,G,eGFRcys,TRUE,0.000149906,0.009
649,11,65583893,G,A,"MCH,MCV,TP",TRUE,-0.001734942,0.7900000214576721
650,11,65638129,G,T,"DBP,MAP",TRUE,-0.002677143,0.996999979
651,11,68332154,G,A,eBMD,TRUE,0.000470161,0.014999999664723873
652,11,69105375,C,T,eGFR,TRUE,0.000104606,0.001
653,11,69112447,T,C,eGFRcys,TRUE,-0.000141203,0.3479999899864197
654,11,69312240,C,T,WHRadjBMI,TRUE,0.000233114,0
655,11,69336164,G,A,WHRadjBMI,TRUE,0.000115901,0
656,11,69492939,G,A,Alb,TRUE,-0.000451446,0
657,11,73166919,G,A,Alb,TRUE,0.000248015,0.009
658,11,76537586,C,T,Eosino,TRUE,-0.000240386,0.009
659,11,76588387,G,A,"Asthma,DVT",TRUE,4.5895576e-05,0.003
660,11,79696918,G,C,GGT,TRUE,-0.001305521,0.016000001
661,11,86942946,G,A,eBMD,TRUE,7.146597e-05,0.9330000281333923
662,11,92975544,C,G,HbA1c,TRUE,9.858608e-05,0
663,11,94129519,A,G,"ALT,AST",TRUE,-3.16E-05,0.013000000268220901
664,11,94398391,C,A,Testosterone,TRUE,-0.000500441,0.01
665,11,95153468,T,C,"MCH,MCV",TRUE,0.000136912,0
666,11,95647590,T,A,SHBG,TRUE,-0.00049156,0.004
667,11,96325139,G,A,TP,TRUE,-8.48E-05,0.3569999933242798
668,11,102345998,G,A,AG,TRUE,0.000287771,0.9950000047683716
669,11,107373196,G,A,CRP,TRUE,-0.001207769,0.1340000033378601
670,11,111417288,G,C,"AG,TP",TRUE,6.169081e-05,0.7210000157356262
671,11,116778201,G,C,"MCHC,TC,VitD",TRUE,0.00028488,0.001
672,11,116792412,C,T,"ApoB,LDLC,TC,TG",TRUE,-0.001907051,0.9810000061988831
673,11,116834562,C,T,HDLC,TRUE,-0.000103533,0.003
674,11,116834800,G,A,TC,TRUE,0.000517398,0.035
675,11,117148048,T,G,"HDLC,TG",TRUE,-0.001161486,0.010999999940395355
676,11,118265258,T,G,"RBC,UA",TRUE,-0.000615478,0.007
677,11,118395808,C,T,PP,TRUE,-0.000651568,0.009
678,11,118494495,G,C,SHBG,TRUE,4.9322844e-05,0
679,11,122799682,G,T,FEV1FVC,TRUE,3.349781e-05,0.010999999940395355
680,11,126356768,C,A,ALP,TRUE,0.00023073,0.001
681,11,126357200,G,A,ALP,TRUE,-0.000350833,0
682,11,126415406,G,A,ALP,TRUE,0.000351369,0.9890000224113464
683,11,126416156,A,G,ALP,TRUE,0.0003106,0.012000000104308128
684,11,126423057,A,T,AG,TRUE,0.000447541,0
685,11,128459018,G,A,Mono,TRUE,-0.001728684,1
686,11,130403335,A,T,PP,TRUE,-0.007387221,0.9959999918937683
687,12,461674,G,A,ALP,TRUE,0.000187159,0
688,12,561727,G,A,Height,TRUE,-0.000373125,0
689,12,630843,C,G,"Lym,Mono",TRUE,-0.000378668,0.001
690,12,3897628,G,A,Ca,TRUE,0.000126123,0.001
691,12,3962735,T,G,LOY,TRUE,-0.000347137,0.002
692,12,4209557,C,T,Eosino,TRUE,0.000178814,0.001
693,12,4275503,C,T,"HbA1c,T2D,T2D_BMI",TRUE,-0.002033174,0.14499999582767487
694,12,4275678,T,G,"ALT,Alb,BW,GGT,Glucose,HbA1c,LDLC,PP,SHBG,T2D,T2D_BMI,TBil,TG,TP,UA,eBMD",TRUE,-0.002618283,0.8970000147819519
695,12,4437399,G,A,eGFR,TRUE,-0.000224531,0.01
696,12,6384185,A,G,"LOY,Mono",TRUE,0.001481175,0.16599999368190765
697,12,6390367,G,A,WBC,TRUE,-0.000229776,0.001
698,12,6630741,C,A,"MCH,MCV",TRUE,-0.000858575,0.001
699,12,6775910,G,A,"GGT,SHBG",TRUE,-8.24E-05,0.5479999780654907
700,12,7528585,T,G,ApoA,TRUE,-0.000145257,
701,12,10723329,A,C,Age_at_Menopause,TRUE,-0.004727662,0.9919999837875366
702,12,12736355,A,C,Ca,TRUE,0.000442624,0.001
703,12,13175274,C,T,eBMD,TRUE,0.000138998,0
704,12,16590500,T,G,TG,TRUE,-0.000228941,0.002
705,12,20077705,A,G,SBP,TRUE,-0.000687242,0.996999979
706,12,22457358,G,C,Plt,TRUE,-0.002943397,0.9990000128746033
707,12,31844701,C,A,IGF1,TRUE,5.313754e-05,0.47699999809265137
708,12,40156900,T,C,Plt,TRUE,-0.000473678,0.013000000268220901
709,12,45591489,G,T,"TG,WHRadjBMI",TRUE,-0.000384033,0.20499999821186066
710,12,47819937,C,G,"LOY,Lym",TRUE,-0.003637284,0.9980000257492065
711,12,48985754,G,T,eBMD,TRUE,-0.006729662,1
712,12,48991896,C,T,eBMD,TRUE,0.000550717,0
713,12,49869365,G,A,BW,TRUE,-0.001550168,0.9959999918937683
714,12,49873552,C,T,"UA,Urea,eGFR,eGFRcys",TRUE,-0.000302672,0.9950000047683716
715,12,50827344,A,G,SHBG,TRUE,-0.000285983,0.5260000228881836
716,12,51534399,G,T,RBC,TRUE,-0.0006271,0.037999999
717,12,51954475,A,G,FEV1FVC,TRUE,-0.000105977,0.7009999752044678
718,12,54292096,C,T,"Eosino,HbA1c,LOY,MCH,Mono,RBC",TRUE,-0.000880986,0.9549999833106995
719,12,56104119,C,T,BW,TRUE,0.000507057,0.009
720,12,56195444,C,T,Suffer_from_Nerves,TRUE,-0.000643253,0.022
721,12,57066899,T,C,ApoA,TRUE,-0.000244886,0.125
722,12,57133500,T,C,FEV1FVC,TRUE,-0.00043118,0.8980000019073486
723,12,57289173,C,T,Miserableness,TRUE,3.59416e-05,0.9940000176429749
724,12,57454856,G,A,Plt,TRUE,0.000381306,0
725,12,64582269,C,A,WBC,TRUE,0.000183284,0.002
726,12,97763232,G,A,IGF1,TRUE,1.9192696e-05,1
727,12,101479462,A,C,Plt,TRUE,-0.001775712,0.044
728,12,101945581,G,A,Height,TRUE,-9.79E-05,0.9390000104904175
729,12,102267582,T,C,Height,TRUE,-0.000487328,0.7289999723434448
730,12,102425305,C,G,IGF1,TRUE,0.0001086,0.9980000257492065
731,12,102425466,C,T,IGF1,TRUE,-6.55E-05,0.052999999
732,12,111407152,C,T,"Mono,eGFRcys",TRUE,-0.000199676,0.9890000224113464
733,12,111621753,C,T,HbA1c,TRUE,-0.000819147,
734,12,114656455,A,G,eBMD,TRUE,-0.00048244,0.9980000257492065
735,12,115089698,A,G,"GGT,TBil,eGFRcys",TRUE,2.0861626e-05,0.008
736,12,121024336,G,C,GGT,TRUE,-0.001046717,0.010999999940395355
737,12,121042031,C,T,"CRP,GGT",TRUE,0.000573546,0.067000002
738,12,121779004,A,G,Plt,TRUE,-0.000100881,0.14399999380111694
739,12,121781881,T,C,Neutro,TRUE,-6.29E-06,0
740,12,122700991,G,T,HDLC,TRUE,0.000937283,0.012000000104308128
741,12,124593021,C,T,HDLC,TRUE,0.000480175,0.006
742,12,124780655,G,A,HDLC,TRUE,-0.000122488,0
743,12,124853983,C,T,HDLC,TRUE,0.000174403,0.009
744,12,131949846,G,T,"MCH,MCV",TRUE,-0.001689225,0.034000002
745,12,132471393,A,G,MCV,TRUE,-0.00060612,0.23899999260902405
746,13,20042417,A,C,"BFP,BMI",TRUE,-0.000251532,0.005
747,13,27821160,C,T,IGF1,TRUE,0.000196517,0.9990000128746033
748,13,28029870,T,C,"AG,AID_Combined,ApoA,HDLC,Hypothyroidism,LOY,Mono,Neutro,TC,TP,WBC,eGFRcys",TRUE,-9.03E-05,0.003
749,13,28138552,C,G,Mono,TRUE,-0.00288707,0.9980000257492065
750,13,30505047,T,C,Eosino,TRUE,-0.000798106,0.037
751,13,40399886,G,A,Mono,TRUE,0.000190318,0.002
752,13,40428504,T,C,Mono,TRUE,0.000151992,0.002
753,13,40679967,C,A,RBC,TRUE,-0.000108272,0.007
754,13,42399242,C,T,ALP,TRUE,0.000586271,0.9980000257492065
755,13,42532378,T,C,ALP,TRUE,-0.000579178,0.15199999511241913
756,13,71939282,A,G,Mono,TRUE,-6.90E-05,0.003
757,13,73040435,C,T,Height,TRUE,-5.59E-05,0.046
758,13,73465798,C,G,DVT,TRUE,0.000117481,0.9990000128746033
759,13,93414699,T,C,eBMD,TRUE,-0.000188708,0.004
760,13,110226292,T,G,Plt,TRUE,2.6166439e-05,0.002
761,13,110388334,G,A,DBP,TRUE,-4.26E-05,0.19200000166893005
762,13,112981842,C,T,PP,TRUE,0.000126958,0.002
763,13,113220766,C,T,"MCH,MCV",TRUE,-0.000147104,0.001
764,13,113272893,G,T,"ALP,AST,ApoA,CRP,HDLC,Neutro,WBC",TRUE,0.001100183,0.009
765,13,113849020,T,C,AST,TRUE,-6.34E-05,0
766,14,20470092,A,C,AST,TRUE,4.810095e-05,0.003
767,14,21453066,C,T,Height,TRUE,0.000802934,0.085000001
768,14,23119848,G,A,Eosino,TRUE,0.000273854,0.001
769,14,23120140,A,G,"Baso,Mono",TRUE,-0.000801683,0.10100000351667404
770,14,23286398,A,G,Height,TRUE,0.000288576,0
771,14,24366294,T,C,Height,TRUE,-0.001419932,1
772,14,24402324,C,T,IGF1,TRUE,0.000568807,0
773,14,24402720,C,T,"ALP,LDLC,SHBG",TRUE,-4.77E-05,0.001
774,14,33809575,G,T,"Hb,Ht",TRUE,-1.69E-05,0.9959999918937683
775,14,35751670,A,G,Height,TRUE,-0.00052017,0.004
776,14,36675311,C,T,Height,TRUE,0.00063628,1
777,14,53952388,A,C,FEV1FVC,TRUE,-6.56E-06,0.002
778,14,53952392,G,C,eBMD,TRUE,-4.20E-05,0
779,14,57390444,G,C,Baso,TRUE,-0.00076732,0.001
780,14,63848838,G,A,IGF1,TRUE,0.000196546,0
781,14,68682655,A,G,HDLC,TRUE,-0.000539243,0.996999979
782,14,68682711,A,T,WHRadjBMI,TRUE,9.727478e-05,0.9789999723434448
783,14,72545177,A,G,"ALP,CRP,SHBG",TRUE,-0.000557423,0.001
784,14,72996771,G,A,RBC,TRUE,0.000550926,0.004
785,14,73783423,T,C,"ApoA,HDLC,SHBG",TRUE,-0.000305235,0.8429999947547913
786,14,75320308,A,G,eBMD,TRUE,0.000141084,0.9980000257492065
787,14,75509305,C,G,Eosino,TRUE,-0.001532912,0.004
788,14,76961814,G,A,TP,TRUE,-0.000129163,0.003
789,14,89420596,T,C,SHBG,TRUE,3.695488e-06,0
790,14,92548584,G,A,Eosino,TRUE,2.2947788e-05,0
791,14,93083664,G,A,Mono,TRUE,0.000456512,0
792,14,93104357,C,T,eGFR,TRUE,0.000111938,0
793,14,95087805,T,C,BW,TRUE,-0.000293404,0.018999999
794,14,95714358,G,T,LOY,TRUE,-0.00011903,0.003
795,14,100454079,T,C,Age_at_Menarche,TRUE,0.000415206,0
796,14,100710432,G,A,MCH,TRUE,0.000758529,0.001
797,14,100829464,C,G,HbA1c,TRUE,-0.007806838,0.38199999928474426
798,14,101062668,A,G,BMI,TRUE,-0.000302076,0.9409999847412109
799,14,103541218,A,G,RBC,TRUE,-0.000260293,0.6840000152587891
800,14,104817536,A,G,FEV1FVC,TRUE,-0.000525355,0.028999999165534973
801,14,105322739,C,T,AG,TRUE,0.000390321,0
802,14,105552677,G,C,"AG,TP",TRUE,-0.001534522,0.008
803,14,105648457,C,A,"AG,TP",TRUE,0.000145763,0.001
804,15,23565696,C,T,Age_at_Menarche,TRUE,3.6418438e-05,0
805,15,40104990,C,G,FEV1FVC,TRUE,0.000208437,0
806,15,51261712,A,G,eBMD,TRUE,-0.000487834,0
807,15,51318271,A,G,eBMD,TRUE,-0.000555158,0.12200000137090683
808,15,51808018,C,T,Smoking_Ever_Never,TRUE,9.775162e-05,0.001
809,15,52769871,T,C,CRP,TRUE,-0.000262558,0.046
810,15,57437091,G,C,eGFRcys,TRUE,-0.000126749,0.088
811,15,57500481,C,T,"eGFR,eGFRcys",TRUE,7.4625015e-05,0.921999991
812,15,57578668,G,T,GGT,TRUE,0.000186145,0.16899999976158142
813,15,58281634,T,G,"ApoA,HDLC",TRUE,-0.00037536,0.005
814,15,58431740,G,A,"ApoA,HDLC",TRUE,-9.67E-05,0.3140000104904175
815,15,60591082,C,A,"GGT,TBil",TRUE,0.000140786,0.009
816,15,60718796,G,C,Balding_Type4,TRUE,0.00010705,0.001
817,15,61841914,A,G,IGF1,TRUE,0.000109375,0.017999999225139618
818,15,63527228,G,A,ALT,TRUE,0.000345409,0.001
819,15,65412778,A,T,HbA1c,TRUE,6.6399574e-05,0.003
820,15,66651066,C,G,"Hb,Ht",TRUE,0.000787437,0.002
821,15,67788548,A,T,BW,TRUE,-0.000564158,0.035
822,15,69108469,C,G,"MCH,MCV",TRUE,-0.001345396,0.002
823,15,69291095,C,T,"DBP,MAP",TRUE,-4.67E-05,0.002
824,15,70084102,T,C,"AG,TP",TRUE,0.000308275,0.002
825,15,74735539,C,T,"UA,Urea",TRUE,9.024143e-05,0.001
826,15,74821981,T,C,DBP,TRUE,-0.00108397,0.005
827,15,76009564,G,A,Urea,TRUE,0.00016886,0.001
828,15,79898938,T,A,Mono,TRUE,-0.001519322,0.043000001
829,15,79898996,A,G,Mono,TRUE,-0.001423359,0.10400000214576721
830,15,85116953,T,C,eBMD,TRUE,0.000207841,0
831,15,88714503,G,C,Height,TRUE,7.8082085e-06,0.375
832,15,89417055,T,A,"BMI,BW",TRUE,-0.00039041,0.009
833,15,90884462,G,A,"MAP,PP,SBP,WBC",TRUE,-0.002945364,0.996999979
834,15,93025654,A,C,SHBG,TRUE,-0.001611561,0
835,15,94768842,T,C,"DBP,MAP",TRUE,1.2636185e-05,1
836,15,95286295,T,A,IGF1,TRUE,7.933378e-05,0.7649999856948853
837,15,96171517,T,G,SHBG,TRUE,-0.000501454,1
838,15,96171587,C,A,SHBG,TRUE,0.000772238,0.6370000243186951
839,15,98651667,C,G,Height,TRUE,-0.000124455,0.005
840,15,98852605,C,G,Height,TRUE,-0.000220418,0.2240000069141388
841,15,98961442,C,T,IGF1,TRUE,0.002616823,0.9929999709129333
842,15,99973858,C,T,Height,TRUE,0.000114173,0
843,16,99541,G,A,"Hb,MCH,MCHC,MCV,RBC",TRUE,-0.000548989,0.039999999
844,16,105134,C,T,"MCH,MCV",TRUE,-0.000252992,0.29499998688697815
845,16,143225,G,A,"MCH,MCV",TRUE,0.000285715,0.001
846,16,154127,A,G,"MCH,MCV",TRUE,0.001231253,0.043000001
847,16,165107,C,A,"Hb,MCH,MCV",TRUE,0.004573792,0.9900000095367432
848,16,244258,G,A,HbA1c,TRUE,-0.000276506,0.039000000804662704
849,16,254804,A,T,"MCH,MCV",TRUE,0.000256389,0
850,16,309953,A,G,eBMD,TRUE,0.000453353,0
851,16,342392,C,G,RBC,TRUE,-0.00075236,0.004
852,16,360178,G,A,"Balding_Type4,eBMD",TRUE,0.000133514,0.001
853,16,4627603,C,A,HDLC,TRUE,-0.000954062,0.002
854,16,10647125,G,C,FEV1FVC,TRUE,-0.000117809,0.005
855,16,10910692,C,G,AG,TRUE,0.000864565,0.001
856,16,11612244,G,A,LDLC,TRUE,-0.000221014,0.001
857,16,16036667,C,G,HbA1c,TRUE,0.000223666,0
858,16,16193782,C,T,Height,TRUE,-0.000473589,0.01
859,16,17964691,T,A,Smoking_Ever_Never,TRUE,0.00014168,0
860,16,20381010,G,A,"DBP,MAP,Urea,eGFR,eGFRcys",TRUE,-0.000172526,0.9929999709129333
861,16,30091839,C,A,"Hb,Ht,MCH,MCV,RBC",TRUE,-0.001062602,0.009
862,16,31393250,T,C,HbA1c,TRUE,0.000349879,0.001
863,16,49834602,C,A,WHRadjBMI,TRUE,-0.000510871,0.9729999899864197
864,16,50991515,G,C,eBMD,TRUE,-0.000320315,0.9980000257492065
865,16,50991557,G,A,eBMD,TRUE,-8.45E-05,0.6399999856948853
866,16,51136115,G,T,CRP,TRUE,-0.008690119,1
867,16,51151500,C,T,CRP,TRUE,-0.002273798,1
868,16,51402971,A,G,"CRP,GGT",TRUE,0.000101984,0.9980000257492065
869,16,51870070,C,A,eBMD,TRUE,0.000161588,0.9890000224113464
870,16,52651004,A,G,Morning_Person,TRUE,-3.54E-05,1
871,16,53874572,T,C,Age_at_Menopause,TRUE,-0.000320315,0.017999999225139618
872,16,54067549,G,T,eBMD,TRUE,2.503395e-05,1
873,16,56957451,C,T,"ApoA,HDLC",TRUE,0.000594229,0.022
874,16,56983750,G,A,HDLC,TRUE,0.000352025,0
875,16,57025062,C,T,Lym,TRUE,-0.000244707,0.002
876,16,57027277,T,C,WBC,TRUE,-7.03E-06,0
877,16,57041268,A,G,Lym,TRUE,-8.71E-05,0
878,16,67217089,C,T,MCV,TRUE,-0.000221312,0.020999999716877937
879,16,69931118,C,T,PP,TRUE,2.4586916e-05,0.003
880,16,72110275,T,C,"ALP,ApoB,Hb,LDLC,TC",TRUE,-0.000488758,0.001
881,16,72962263,G,A,BMI,TRUE,-0.000899971,0.9909999966621399
882,16,72990377,C,T,Ca,TRUE,0.00023526,0.14300000667572021
883,16,73093824,C,T,MAP,TRUE,2.4437904e-05,1
884,16,81479155,C,T,Eosino,TRUE,-0.000171363,0.9649999737739563
885,16,81501185,T,C,"ApoA,HDLC,SHBG,TG,WHRadjBMI",TRUE,-0.000365078,0
886,16,82414590,C,G,BW,TRUE,-0.000938892,0
887,16,83012185,A,G,"CAD,DBP,PP",TRUE,-0.000636756,0.001
888,16,83946924,C,G,"ALP,ALT,Alb,Ca,SHBG",TRUE,2.5391579e-05,0.005
889,16,84549359,C,T,"HbA1c,Lym,Mono,WBC",TRUE,0.00031364,0.020999999716877937
890,16,85899046,C,T,"Mono,Neutro",TRUE,-0.000696123,0.007
891,16,85955858,T,C,Mono,TRUE,-0.000307977,0.010999999940395355
892,16,85982722,C,T,"Mono,Neutro,WBC",TRUE,-0.000319421,0.9089999794960022
893,16,88448784,G,A,MCV,TRUE,2.6345253e-05,0
894,16,88722526,A,G,MCHC,TRUE,0.000321299,0
895,16,88740816,T,C,Height,TRUE,-0.000262558,0
896,16,88780935,C,T,Height,TRUE,0.000228524,0.005
897,16,88781330,G,A,Height,TRUE,-0.000609517,0.005
898,16,88789676,C,G,"HbA1c,MCHC",TRUE,0.001370996,0.097000003
899,16,88978825,C,T,"AG,TP",TRUE,5.093217e-05,0
900,16,89028489,C,T,"MCH,MCV",TRUE,0.000699073,0.002
901,16,89653547,C,T,Ca,TRUE,-7.70E-05,0.061000000685453415
902,17,2671527,G,A,Worrier,TRUE,9.10759e-05,0.001
903,17,4618178,C,A,Eosino,TRUE,0.000104219,0.007
904,17,4789345,G,T,"LDLC,TC,TG",TRUE,-0.000204653,0
905,17,4835663,C,T,Lym,TRUE,-0.000344396,0.043000001
906,17,7116978,T,C,ALP,TRUE,-0.001242966,0.002
907,17,7118345,A,G,ALP,TRUE,-0.000954837,0.17900000512599945
908,17,7166093,G,A,"ALP,Alb,ApoB,CRP,LDLC,TC",TRUE,0.000253111,0.007
909,17,7237821,C,G,Lym,TRUE,-0.002845407,0.9549999833106995
910,17,7282460,C,A,ALT,TRUE,-0.000324547,0.8769999742507935
911,17,7498927,G,A,SHBG,TRUE,-0.000837505,0.003
912,17,7557640,G,T,TP,TRUE,-0.003202975,0.002
913,17,7558697,C,T,"AG,TP",TRUE,-0.001871675,0.9700000286102295
914,17,7558933,G,A,"AG,TP",TRUE,-0.002971336,0.9980000257492065
915,17,7588013,C,T,"SHBG,Testosterone",TRUE,-0.001461625,0.871999979
916,17,7629797,C,T,"SHBG,Testosterone",TRUE,0.000729114,0.002
917,17,7630105,G,A,SHBG,TRUE,-0.000490695,0.001
918,17,7630143,T,C,SHBG,TRUE,-0.001256764,0.3889999985694885
919,17,7660509,C,A,TC,TRUE,-0.000843257,0.007
920,17,7668434,T,G,"ApoA,BW,DBP,Height,LOY,MCH,MCV,PP,RBC",TRUE,-0.01796487,0.9869999885559082
921,17,7675353,C,T,Lym,TRUE,0.000430286,0
922,17,7689792,T,C,Testosterone,TRUE,5.5372715e-05,0.002
923,17,7839283,G,A,"Eosino,Neutro",TRUE,-0.007589281,0.9990000128746033
924,17,9013151,A,T,eBMD,TRUE,-0.001177251,0.004
925,17,16989527,T,C,"AG,TP",TRUE,-0.000351965,0
926,17,17389002,C,T,"AG,Plt",TRUE,2.3663044e-05,0.004
927,17,17630582,C,T,DVT,TRUE,-0.000689119,0.009
928,17,29325998,C,T,Neutro,TRUE,-0.000528425,0.004
929,17,29451055,C,T,Plt,TRUE,0.00075084,0.002
930,17,30784095,G,A,FEV1FVC,TRUE,-0.00081259,0.059
931,17,37687414,G,A,Urea,TRUE,9.664893e-05,0.013000000268220901
932,17,37713312,C,A,"ALT,AST,CRP,Cholelithiasis",TRUE,-0.00014174,0.9959999918937683
933,17,40447297,A,G,IGF1,TRUE,9.2446804e-05,0.008
934,17,40608272,T,A,"DVT,Eosino",TRUE,-0.000377387,0.7210000157356262
935,17,43815444,T,A,ApoA,TRUE,-0.000398904,0.001
936,17,44114428,G,A,TG,TRUE,0.000195622,0.16500000655651093
937,17,44251636,A,C,Hb,TRUE,-0.000139415,0
938,17,46829583,T,C,MAP,TRUE,-9.59E-05,0
939,17,47733988,C,G,AG,TRUE,0.000728548,0.059
940,17,48413527,T,A,FEV1FVC,TRUE,-0.001218319,0
941,17,49936711,T,C,MCV,TRUE,-0.000362217,0.007
942,17,56431080,C,G,T2D,TRUE,-0.00024581,0.008
943,17,59307083,G,A,DBP,TRUE,-0.000646263,0.007
944,17,64128939,T,C,ALP,TRUE,-1.13E-05,0.027000000700354576
945,17,69086821,C,G,"ApoB,LDLC,TC",TRUE,-1.69E-05,0.382999986
946,17,69901143,G,A,HbA1c,TRUE,0.000295222,0
947,17,72407549,C,G,"eGFR,eGFRcys",TRUE,5.736947e-05,0.009
948,17,74991641,C,T,WBC,TRUE,-0.000292778,0.035
949,17,77320798,A,G,"DBP,MAP,eBMD",TRUE,3.3974648e-05,0.859000027
950,17,78131350,G,C,MCV,TRUE,0.000769675,0
951,17,78187152,C,T,"MCH,MCV",TRUE,-0.007368624,0.079999998
952,17,78349028,A,C,CRP,TRUE,0.000879973,0.001
953,17,78358045,C,T,CRP,TRUE,-0.00070715,0.9589999914169312
954,17,78369710,T,C,CRP,TRUE,-0.000428796,0
955,17,81558634,A,G,RBC,TRUE,-0.002258778,0.9739999771118164
956,17,82010515,T,C,Height,TRUE,0.00046441,0.18799999356269836
957,17,83128066,C,G,Mono,TRUE,-0.000122428,0.1459999978542328
958,18,2846814,A,T,"SHBG,TG,WHRadjBMI",TRUE,-0.003269732,0.016000001
959,18,3640787,C,T,Urea,TRUE,0.000936478,0
960,18,10060006,T,G,Balding_Type4,TRUE,-0.0003286,0.9980000257492065
961,18,10078074,G,A,FEV1FVC,TRUE,-0.000148177,0
962,18,10348337,T,C,eBMD,TRUE,-0.000889182,0.003
963,18,12857003,G,T,"Hb,Ht",TRUE,-0.001148522,0.048999999
964,18,21112383,T,G,TP,TRUE,4.3034554e-05,0.4359999895095825
965,18,23141009,G,T,Plt,TRUE,2.759695e-05,0.001
966,18,24277778,A,T,Neutro,TRUE,-0.000304818,0
967,18,26813249,C,A,eGFRcys,TRUE,3.84748e-05,0.9879999756813049
968,18,44461166,T,G,LOY,TRUE,-0.000119805,0.9629999995231628
969,18,48073278,C,G,eBMD,TRUE,-0.000377119,0.5139999985694885
970,18,48397111,G,T,BFP,TRUE,6.4611435e-05,0.016000001
971,18,48680897,G,A,"Hb,Ht",TRUE,0.000411034,0.037999999
972,18,49688494,C,A,ApoA,TRUE,0.000771284,0.001
973,18,55543071,G,T,Mood_Swings,TRUE,-0.000170231,0.002
974,18,56911251,C,T,"MAP,PP,SBP",TRUE,0.000422597,1
975,18,57422483,T,C,CRP,TRUE,-0.000390679,0.075000003
976,18,58432623,T,C,"ALP,GGT",TRUE,-0.000526845,0.027000000700354576
977,18,59661164,G,A,"MCH,MCV",TRUE,0.000515938,0.9480000138282776
978,18,59677958,C,T,Plt,TRUE,0.000537574,0
979,18,62387624,A,C,"ALP,eBMD",TRUE,0.000224531,0.078000002
980,18,63178651,T,C,"ALT,Alb,BW,GGT,IGF1,SHBG,T2D_BMI,TG,WHRadjBMI",TRUE,8.839369e-05,0.7749999761581421
981,18,63213468,T,C,Lym,TRUE,-6.97E-05,0.9789999723434448
982,18,63253621,C,T,"Baso,LOY,MCH,MCV,Mono,Neutro,Plt,RBC,WBC",TRUE,0.000608265,0.001
983,18,63367187,T,G,LDLC,TRUE,0.00322479,0.014999999664723873
984,18,70188842,G,A,"MCH,MCV",TRUE,0.000595808,0.027000000700354576
985,18,71557242,T,A,BW,TRUE,3.7431717e-05,0
986,18,79400235,A,C,eGFR,TRUE,-0.01301688,0.9980000257492065
987,19,807442,G,C,Mono,TRUE,0.000112474,0.001
988,19,1026478,G,T,Mono,TRUE,-0.002349764,0.068999998
989,19,1080190,G,C,Plt,TRUE,-0.000316829,0.002
990,19,1132638,A,G,TP,TRUE,-0.000180066,0
991,19,1162931,C,T,Plt,TRUE,-0.000475883,0.002
992,19,1170824,T,C,ALP,TRUE,-0.00019604,0
993,19,1435772,G,A,UA,TRUE,-2.89E-05,0
994,19,1791533,G,A,"MCH,MCV",TRUE,-0.00027898,0
995,19,1992519,C,A,"MCH,MCV",TRUE,-0.00071609,0.003
996,19,2161444,G,A,PP,TRUE,-0.000799894,0.014000000432133675
997,19,2186758,T,C,BW,TRUE,-0.000260293,0
998,19,3375574,A,G,SHBG,TRUE,-0.000253111,0
999,19,3404145,C,A,HbA1c,TRUE,0.000436455,0.001
1000,19,4474728,C,A,Smoking_Ever_Never,TRUE,0.000275373,0.057999998331069946
1001,19,4502189,T,C,"MCH,MCHC,MCV",TRUE,0.000226021,0.9929999709129333
1002,19,6258063,G,A,Mono,TRUE,-0.000396699,0.001
1003,19,6675978,A,G,"Lym,Mono",TRUE,5.9098005e-05,0.001
1004,19,6802560,C,T,Plt,TRUE,0.000300795,0.025
1005,19,7258394,G,C,SBP,TRUE,-0.00081718,0.33399999141693115
1006,19,7350159,G,A,Lym,TRUE,0.000176698,0.013000000268220901
1007,19,7907730,A,G,SHBG,TRUE,-0.000162363,0
1008,19,10225439,A,C,Neutro,TRUE,0.001275092,0.077
1009,19,10236408,T,C,Neutro,TRUE,4.953146e-05,0.003
1010,19,10360786,C,T,Testosterone,TRUE,0.001186937,0
1011,19,10414696,G,A,Lym,TRUE,-0.000633955,0.002
1012,19,11095364,C,T,"ApoB,LDLC",TRUE,0.000141323,0.20499999821186066
1013,19,11133448,G,A,LDLC,TRUE,-0.000291348,0.018999999
1014,19,11330698,T,C,"DBP,MAP,SBP",TRUE,0.000492871,0.002
1015,19,17141231,G,A,"HbA1c,MCHC,MCV,TBil",TRUE,0.000469029,0
1016,19,17142164,T,C,TBil,TRUE,0.000771284,0
1017,19,18005335,A,G,DVT,TRUE,0.000989974,
1018,19,29609412,T,A,SBP,TRUE,-0.000405133,0
1019,19,32855524,C,T,eGFRcys,TRUE,-0.000917703,0.020999999716877937
1020,19,33259487,G,A,"MCH,RBC",TRUE,0.000303417,0
1021,19,33260946,G,C,"Baso,Mono",TRUE,1.0073185e-05,0.6769999861717224
1022,19,33263642,C,T,"Baso,Hb,Ht,MCH,RBC",TRUE,0.000504792,0.3149999976158142
1023,19,33293751,T,C,"ApoA,HDLC,RBC",TRUE,0.0002262,0
1024,19,35046802,G,A,CRP,TRUE,-0.000785977,0.007
1025,19,40182613,C,T,TG,TRUE,-0.000563413,0.035
1026,19,40799233,G,T,"Ht,RBC",TRUE,-0.014701456,1
1027,19,40847202,T,C,ALT,TRUE,0.000227094,0.001
1028,19,44608264,G,C,TG,TRUE,-0.000616133,0.008
1029,19,44909976,G,T,"ApoB,LDLC,LipoA",TRUE,-0.00049296,0
1030,19,44919304,T,G,TG,TRUE,-0.002053618,0.005
1031,19,44927023,C,G,"CRP,HbA1c,LDLC,TBil,TC,TG",TRUE,-0.000875324,0.075999998
1032,19,44935906,C,G,"ApoB,CRP,LDLC",TRUE,-0.00060904,0.003
1033,19,45212939,A,G,Plt,TRUE,0.002012372,0.005
1034,19,45455036,A,G,eBMD,TRUE,0.000151992,0.01
1035,19,46392960,A,G,TC,TRUE,-0.000214577,0.001
1036,19,47065746,G,A,BMI,TRUE,6.738305e-05,0
1037,19,48955847,A,G,LOY,TRUE,0.000197023,0.001
1038,19,49102448,G,A,"MAP,PP,SBP",TRUE,-0.000378072,0.004
1039,19,49513502,C,T,"Alb,TC",TRUE,-0.001099378,0.001
1040,19,49530970,C,T,TP,TRUE,0.000271976,0.3310000002384186
1041,19,49531904,C,T,TP,TRUE,-0.000965357,0.27300000190734863
1042,19,55251894,G,A,MCH,TRUE,0.000405908,0.001
1043,19,55312166,G,T,Age_at_Menopause,TRUE,-0.001737475,0.9980000257492065
1044,19,57410949,C,T,PP,TRUE,-0.000481755,0.010999999940395355
1045,20,409666,A,T,LDLC,TRUE,0.000321656,0.11900000274181366
1046,20,574708,G,A,HDLC,TRUE,-0.000950694,0.33000001311302185
1047,20,1566096,T,A,"Neutro,WBC",TRUE,-0.001070917,0
1048,20,4176425,C,G,"MCH,MCV",TRUE,-0.000591546,0
1049,20,7570907,G,A,eBMD,TRUE,4.386902e-05,0.42399999499320984
1050,20,10648877,T,C,eBMD,TRUE,6.2286854e-05,0.009
1051,20,10659553,A,G,UA,TRUE,-0.00022769,0
1052,20,10764897,G,C,FEV1FVC,TRUE,-0.000729322,0.086000003
1053,20,11003712,T,C,eBMD,TRUE,-0.000194252,0
1054,20,11210913,G,C,eBMD,TRUE,3.0994415e-05,0.030999999
1055,20,23633667,C,T,eGFRcys,TRUE,-0.000896513,0.10100000351667404
1056,20,23654892,A,G,eGFRcys,TRUE,0.000139952,0.002
1057,20,23754810,T,G,eGFRcys,TRUE,-0.001175165,0.007
1058,20,25197169,T,C,IGF1,TRUE,-0.000447154,0.7820000052452087
1059,20,26221066,G,C,Plt,TRUE,-0.00023514,0.003
1060,20,30309512,C,G,ALP,TRUE,-0.00032115,0.005
1061,20,31357358,G,A,eGFRcys,TRUE,0.000621319,0.001
1062,20,33440887,C,T,eGFRcys,TRUE,0.000680655,0.004
1063,20,35437976,G,A,"BW,WHRadjBMI",TRUE,-0.000602037,1
1064,20,39923436,T,C,Height,TRUE,0.000279367,0.9750000238418579
1065,20,39923465,A,T,MCV,TRUE,-5.68E-05,0.38100001215934753
1066,20,40551182,G,C,"ApoB,LDLC,TC",TRUE,0.00013715,1
1067,20,40643980,A,G,Plt,TRUE,0.000314951,0.17000000178813934
1068,20,40682610,G,C,"LDLC,RBC,TC",TRUE,-0.000155151,0.007
1069,20,40715632,G,A,Ca,TRUE,6.15716e-05,0.9800000190734863
1070,20,44188205,G,A,Plt,TRUE,0.000180274,0.001
1071,20,44210980,A,G,Mono,TRUE,-0.004346699,0.9240000247955322
1072,20,44405376,G,A,eGFR,TRUE,9.906292e-05,0.001
1073,20,44436388,A,C,IBD,TRUE,0.000143349,0.013000000268220901
1074,20,45923216,T,C,CRP,TRUE,0.000256896,0.010999999940395355
1075,20,47315915,G,C,Plt,TRUE,-0.000560224,0.001
1076,20,47350345,A,C,Eosino,TRUE,-0.000867605,0.4059999883174896
1077,20,48723580,A,G,CRC,TRUE,0.000339568,0.3709999918937683
1078,20,49567926,G,A,eBMD,TRUE,-0.000275016,0.001
1079,20,50270731,C,T,Mono,TRUE,-0.000153899,0.4620000123977661
1080,20,50470475,G,A,MCH,TRUE,-0.00098601,0.007
1081,20,53011095,C,T,Glucose,TRUE,0.000262558,0.009
1082,20,53595734,G,A,DVT,TRUE,0.00027138,0.13699999451637268
1083,20,53943587,A,G,RBC,TRUE,-0.000813544,0.8149999976158142
1084,20,54098167,A,G,"Ca,VitD",TRUE,-6.08E-06,0.054000001
1085,20,54115823,T,C,Urea,TRUE,-0.00041014,0
1086,20,54172386,G,A,Urea,TRUE,0.000297099,0.012000000104308128
1087,20,54174247,T,G,"Ca,VitD,eGFRcys",TRUE,0.003616303,0.001
1088,20,56859997,C,T,Balding_Type4,TRUE,0.000872254,0.002
1089,20,57260984,G,A,"ApoA,HDLC",TRUE,0.000634551,0.019999999552965164
1090,20,57415314,A,T,HbA1c,TRUE,-0.000123918,0.7580000162124634
1091,20,58891038,G,T,"Height,IGF1",TRUE,-0.010223433,0.8999999761581421
1092,20,59173314,T,A,Lym,TRUE,0.000576794,0.1120000034570694
1093,20,62474775,T,C,FEV1FVC,TRUE,0.000400305,0
1094,20,62710120,G,A,"CRP,GGT,LDLC",TRUE,-0.001033604,0
1095,20,63502875,G,C,IGF1,TRUE,0.000646114,0
1096,20,64079697,C,A,AG,TRUE,-0.002922267,0.6039999723434448
1097,20,64080106,C,T,"CRP,TG,Testosterone",TRUE,-0.000678659,0
1098,21,15066472,A,G,Eosino,TRUE,-0.000382662,0.2590000033378601
1099,21,34221526,G,A,CAD,TRUE,-8.24E-05,0.9980000257492065
1100,21,34233562,C,T,PP,TRUE,7.992983e-05,0.009
1101,21,34835765,C,T,Alb,TRUE,-0.000349998,0
1102,21,34835870,G,A,Balding_Type4,TRUE,-0.000124037,0.001
1103,21,34866220,C,T,Balding_Type4,TRUE,0.000177741,0.003
1104,21,37368522,A,G,MCV,TRUE,0.000538439,0.004
1105,21,38447907,C,T,"DBP,PP",TRUE,0.000706315,0.9660000205039978
1106,21,38486979,A,G,"MCH,MCV",TRUE,-0.000243455,0.017000000923871994
1107,21,38507058,G,C,WBC,TRUE,-0.000141561,0
1108,21,38611524,C,T,"DBP,Fibroblastic_Disorders",TRUE,-0.000542283,0.640999973
1109,21,41510744,C,T,GGT,TRUE,-0.000453144,0.003
1110,21,42430604,C,G,Eosino,TRUE,-0.000129282,0
1111,21,44240952,C,A,Eosino,TRUE,-0.001823962,0.001
1112,22,17035157,A,G,Mono,TRUE,-0.001325935,0.7350000143051147
1113,22,17076156,G,A,"Eosino,Mono",TRUE,-0.000645638,0.003
1114,22,17363498,G,C,Mono,TRUE,-0.001094431,0
1115,22,17769676,G,A,Plt,TRUE,0.000385165,0
1116,22,19691780,G,A,eBMD,TRUE,4.9352646e-05,0.012000000104308128
1117,22,21457702,C,T,ALP,TRUE,0.00017482,0.001
1118,22,24589032,C,T,GGT,TRUE,0.000225782,0.004
1119,22,24633815,A,C,GGT,TRUE,-0.001188308,0.003
1120,22,27785411,C,T,MCH,TRUE,-0.000178576,0.043000001
1121,22,28365160,C,T,"Age_at_Menopause,BrC,Lym,Neutro,WBC",TRUE,-0.000412524,0.004
1122,22,30279934,A,C,RBC,TRUE,-0.000879645,0.001
1123,22,36163251,A,G,ALP,TRUE,0.000108123,0.078000002
1124,22,36281868,A,G,eBMD,TRUE,-0.003634632,0.9990000128746033
1125,22,36862461,T,C,Eosino,TRUE,0.000146747,0.001
1126,22,36911552,G,T,Eosino,TRUE,-0.001123041,0.005
1127,22,37067410,C,T,MCH,TRUE,0.000302732,0.003
1128,22,37089555,T,C,MCH,TRUE,0.000434637,0
1129,22,37633716,A,G,Alb,TRUE,0.000388056,0.9359999895095825
1130,22,38700597,T,C,"CRP,GGT,IGF1",TRUE,0.000436693,0.5559999942779541
1131,22,39501158,G,A,ALP,TRUE,7.608533e-05,0.003
1132,22,41408712,G,A,"BMI,BW",TRUE,-0.000495106,0.009
1133,22,41926850,G,T,TP,TRUE,-0.000424474,0.001
1134,22,43104206,G,T,PrC,TRUE,-0.001847535,0.007
1135,22,45969257,G,A,eBMD,TRUE,-0.000695705,0.9990000128746033
1136,22,45979731,C,T,eBMD,TRUE,-0.000768274,0
1137,22,46219479,G,A,BW,TRUE,0.000592381,0.001
1138,22,47990921,C,T,BMI,TRUE,0.000577688,0.9919999837875366
1139,22,50190508,G,A,Plt,TRUE,-0.000461817,0.009